Stock,Max_Drawdown
HDFCBANK,-0.41054965913666425
NVIDIA,-0.6633508594850294
RELIANCE,-0.45088356198688123
TESLA,-0.736322174421912
