Stock,HDFCBANK,NVIDIA,RELIANCE,TESLA
HDFCBANK,1.0,,0.4171864055284725,
NVIDIA,,1.0,,0.4639590604969083
RELIANCE,0.4171864055284725,,1.0,
TESLA,,0.4639590604969083,,1.0
